repo,stars,releases,age_years,files,code,comment,n_classes,cbo_mean,cbo_median,cbo_std,dit_mean,dit_median,dit_std,lcom_mean,lcom_median,lcom_std
Snailclimb/JavaGuide,151536,0,7.325013,0.0,0.0,0.0,0.0,,,,,,,,,
krahets/hello-algo,116020,9,2.829726,425.0,20805.0,7900.0,215.0,1.874419,2.0,1.512579,1.0,1.0,0.0,4.706977,1.0,10.457868
GrowingGit/GitHub-Chinese-Top-Charts,101816,0,5.995606,1.0,5.0,1.0,1.0,0.0,0.0,0.0,1.0,1.0,0.0,0.0,0.0,0.0
iluwatar/java-design-patterns,92609,0,11.067278,1877.0,50241.0,59320.0,1990.0,3.360302,3.0,2.606279,1.19598,1.0,0.529458,1.827638,0.0,6.352471
macrozheng/mall,81450,3,7.41676,526.0,65725.0,3094.0,760.0,3.864474,3.0,4.784285,1.239474,1.0,0.439211,1110.803947,13.0,8155.555246
spring-projects/spring-boot,78279,320,12.871717,8128.0,479712.0,218464.0,13946.0,5.484153,4.0,6.400458,1.285602,1.0,0.764366,12.937617,0.0,108.319885
doocs/advanced-java,78191,1,6.909066,1.0,5.0,3.0,1.0,0.0,0.0,0.0,1.0,1.0,0.0,0.0,0.0,0.0
MisterBooo/LeetCodeAnimation,76434,0,6.74247,11.0,265.0,16.0,4.0,1.0,1.0,0.0,1.0,1.0,0.0,0.0,0.0,0.0
elastic/elasticsearch,73699,206,15.565956,28036.0,4256867.0,592237.0,0.0,,,,,,,,,
Stirling-Tools/Stirling-PDF,64919,135,2.598921,888.0,121838.0,12353.0,1277.0,7.710258,5.0,8.237406,1.202036,1.0,1.398015,33.703994,0.0,327.821631
kdn251/interviews,64431,0,8.548277,,,,,,,,,,,,,
TheAlgorithms/Java,63235,0,9.132348,,,,,,,,,,,,,
NationalSecurityAgency/ghidra,59884,46,6.510273,,,,,,,,,,,,,
spring-projects/spring-framework,58768,341,14.737444,,,,,,,,,,,,,
google/guava,51069,56,11.264446,,,,,,,,,,,,,
ReactiveX/RxJava,48277,241,12.649364,,,,,,,,,,,,,
skylot/jadx,45339,31,12.460801,,,,,,,,,,,,,
dbeaver/dbeaver,45122,231,9.869048,,,,,,,,,,,,,
termux/termux-app,44674,95,9.863427,,,,,,,,,,,,,
jeecgboot/JeecgBoot,43746,61,6.769547,,,,,,,,,,,,,
apache/dubbo,41280,111,13.206546,,,,,,,,,,,,,
PhilJay/MPAndroidChart,38109,44,11.357748,,,,,,,,,,,,,
eugenp/tutorials,37244,0,12.345662,,,,,,,,,,,,,
halo-dev/halo,36795,226,7.45375,,,,,,,,,,,,,
alibaba/arthas,36674,59,7.012463,,,,,,,,,,,,,
geekxh/hello-algorithm,35755,0,5.264286,,,,,,,,,,,,,
airbnb/lottie-android,35459,59,8.906435,,,,,,,,,,,,,
TeamNewPipe/NewPipe,34961,137,9.998729,,,,,,,,,,,,,
bumptech/glide,34942,53,12.153507,,,,,,,,,,,,,
doocs/leetcode,34868,21,6.963549,,,,,,,,,,,,,
netty/netty,34400,0,14.816238,,,,,,,,,,,,,
xkcoding/spring-boot-demo,33878,0,7.813148,,,,,,,,,,,,,
Blankj/AndroidUtilCode,33631,117,9.093111,,,,,,,,,,,,,
alibaba/easyexcel,33610,14,7.572585,,,,,,,,,,,,,
zxing/zxing,33563,31,13.893041,,,,,,,,,,,,,
SeleniumHQ/selenium,33088,108,12.632767,,,,,,,,,,,,,
YunaiV/ruoyi-vue-pro,33048,46,4.607485,,,,,,,,,,,,,
alibaba/nacos,32009,84,7.218993,,,,,,,,,,,,,
binarywang/WxJava,31840,30,9.658238,,,,,,,,,,,,,
apache/kafka,30810,0,14.051382,,,,,,,,,,,,,
ityouknow/spring-boot-examples,30591,0,8.826258,,,,,,,,,,,,,
chinabugotech/hutool,30034,153,11.391412,,,,,,,,,,,,,
apolloconfig/apollo,29631,41,9.499214,,,,,,,,,,,,,
alibaba/canal,29355,32,12.636724,,,,,,,,,,,,,
keycloak/keycloak,29340,87,12.170987,,,,,,,,,,,,,
xuxueli/xxl-job,29243,39,9.764491,,,,,,,,,,,,,
wuyouzhuguli/SpringAll,28941,0,7.339916,,,,,,,,,,,,,
alibaba/spring-cloud-alibaba,28732,48,7.754015,,,,,,,,,,,,,
alibaba/druid,28186,51,13.833824,,,,,,,,,,,,,
lenve/vhr,27932,0,7.662281,,,,,,,,,,,,,
DrKLO/Telegram,27462,95,11.856078,,,,,,,,,,,,,
conductor-oss/conductor,27283,25,1.737898,,,,,,,,,,,,,
crossoverJie/JCSprout,27074,0,7.711545,,,,,,,,,,,,,
qiurunze123/miaosha,26495,0,6.970102,,,,,,,,,,,,,
apache/incubator-seata,25777,44,6.682169,,,,,,,,,,,,,
alibaba/fastjson,25755,84,13.833623,,,,,,,,,,,,,
ashishps1/awesome-system-design-resources,25717,0,1.85885,,,,,,,,,,,,,
JakeWharton/butterknife,25489,0,12.497399,,,,,,,,,,,,,
hollischuang/toBeTopJavaer,25461,0,6.857244,,,,,,,,,,,,,
apache/flink,25211,0,11.240876,,,,,,,,,,,,,
scwang90/SmartRefreshLayout,25148,14,8.253552,,,,,,,,,,,,,
proxyee-down-org/proxyee-down,24868,49,7.856536,,,,,,,,,,,,,
greenrobot/EventBus,24758,7,13.131598,,,,,,,,,,,,,
OpenAPITools/openapi-generator,24725,73,7.311722,,,,,,,,,,,,,
Anuken/Mindustry,24712,168,8.344868,,,,,,,,,,,,,
bazelbuild/bazel,24511,208,11.226159,,,,,,,,,,,,,
apache/skywalking,24502,62,9.823068,,,,,,,,,,,,,
Netflix/Hystrix,24394,79,12.786251,,,,,,,,,,,,,
jenkinsci/jenkins,24374,441,14.779279,,,,,,,,,,,,,
libgdx/libgdx,24322,14,13.06285,,,,,,,,,,,,,
yuliskov/SmartTube,24287,909,5.099204,,,,,,,,,,,,,
CodePhiliaX/Chat2DB,24173,43,2.20516,,,,,,,,,,,,,
redisson/redisson,24008,173,11.642529,,,,,,,,,,,,,
google/gson,23999,11,10.459293,,,,,,,,,,,,,
doocs/source-code-hunter,22936,0,5.850666,,,,,,,,,,,,,
alibaba/Sentinel,22889,25,7.416141,,,,,,,,,,,,,
iBotPeaches/Apktool,22814,26,13.457305,,,,,,,,,,,,,
EnterpriseQualityCoding/FizzBuzzEnterpriseEdition,22756,0,12.774843,,,,,,,,,,,,,
apache/rocketmq,22063,22,8.757531,,,,,,,,,,,,,
google/ExoPlayer,21873,28,11.222815,,,,,,,,,,,,,
elunez/eladmin,21765,1,6.720467,,,,,,,,,,,,,
dataease/dataease,21678,97,4.582746,,,,,,,,,,,,,
openjdk/jdk,21624,0,6.960989,,,,,,,,,,,,,
LSPosed/LSPosed,21454,39,4.724602,,,,,,,,,,,,,
CarGuo/GSYVideoPlayer,21068,53,8.803553,,,,,,,,,,,,,
oracle/graal,21061,32,9.635333,,,,,,,,,,,,,
brettwooldridge/HikariCP,20686,0,11.903582,,,,,,,,,,,,,
kunal-kushwaha/DSA-Bootcamp-Java,20506,0,4.094471,,,,,,,,,,,,,
kestra-io/kestra,20485,303,6.027217,,,,,,,,,,,,,
apache/shardingsphere,20437,58,9.62488,,,,,,,,,,,,,
didi/DoKit,20392,14,7.054299,,,,,,,,,,,,,
mybatis/mybatis-3,20217,46,12.548193,,,,,,,,,,,,,
ReactiveX/RxAndroid,20041,20,11.041381,,,,,,,,,,,,,
linlinjava/litemall,19887,8,7.450583,,,,,,,,,,,,,
yudaocode/SpringBoot-Labs,19841,0,6.974408,,,,,,,,,,,,,
thingsboard/thingsboard,19638,70,8.754616,,,,,,,,,,,,,
xiaojieonly/Ehviewer_CN_SXJ,19482,106,4.815227,,,,,,,,,,,,,
dianping/cat,18928,3,12.744466,,,,,,,,,,,,,
Baseflow/PhotoView,18874,5,13.128892,,,,,,,,,,,,,
JetBrains/intellij-community,18729,4,13.92596,,,,,,,,,,,,,
antlr/antlr4,18283,31,15.578247,,,,,,,,,,,,,
williamfiset/Algorithms,18187,0,8.462432,,,,,,,,,,,,,
Tencent/APIJSON,18150,109,8.781709,,,,,,,,,,,,,
dromara/Sa-Token,18125,38,5.581331,,,,,,,,,,,,,
forezp/SpringCloudLearning,17973,0,8.404108,,,,,,,,,,,,,
LMAX-Exchange/disruptor,17970,14,12.94853,,,,,,,,,,,,,
YunaiV/yudao-cloud,17801,32,6.339084,,,,,,,,,,,,,
ashishps1/awesome-low-level-design,17639,0,1.79492,,,,,,,,,,,,,
Tencent/tinker,17504,60,8.990367,,,,,,,,,,,,,
openzipkin/zipkin,17290,97,13.240941,,,,,,,,,,,,,
infinilabs/analysis-ik,17188,1,13.715662,,,,,,,,,,,,,
justauth/JustAuth,17165,46,6.588959,,,,,,,,,,,,,
facebook/fresco,17134,55,10.506794,,,,,,,,,,,,,
baomidou/mybatis-plus,17093,38,9.042027,,,,,,,,,,,,,
ben-manes/caffeine,17003,71,10.723223,,,,,,,,,,,,,
material-components/material-components-android,16932,111,8.742908,,,,,,,,,,,,,
nostra13/Android-Universal-Image-Loader,16902,0,13.766566,,,,,,,,,,,,,
winterbe/java8-tutorial,16781,0,11.466928,,,,,,,,,,,,,
alibaba/DataX,16779,7,7.623815,,,,,,,,,,,,,
shuzheng/zheng,16732,0,8.913347,,,,,,,,,,,,,
Grasscutters/Grasscutter,16646,20,3.379853,,,,,,,,,,,,,
heibaiying/BigData-Notes,16629,0,6.485838,,,,,,,,,,,,,
JeffLi1993/springboot-learning-example,16559,0,8.571467,,,,,,,,,,,,,
prestodb/presto,16484,12,13.0677,,,,,,,,,,,,,
gyoogle/tech-interview-for-developer,16436,0,6.236346,,,,,,,,,,,,,
questdb/questdb,16036,93,11.34851,,,,,,,,,,,,,
android-hacker/VirtualXposed,15818,50,7.755362,,,,,,,,,,,,,
dyc87112/SpringBoot-Learning,15791,0,9.034551,,,,,,,,,,,,,
android10/Android-CleanArchitecture,15564,0,11.040197,,,,,,,,,,,,,
mockito/mockito,15269,222,12.887528,,,,,,,,,,,,,
apache/hadoop,15235,0,11.016372,,,,,,,,,,,,,
Konloch/bytecode-viewer,15193,61,10.8873,,,,,,,,,,,,,
neo4j/neo4j,14993,72,12.806725,,,,,,,,,,,,,
zhisheng17/flink-learning,14918,0,6.67133,,,,,,,,,,,,,
quarkusio/quarkus,14876,411,7.162193,,,,,,,,,,,,,
apache/pulsar,14832,111,9.182012,,,,,,,,,,,,,
java-decompiler/jd-gui,14709,18,10.444335,,,,,,,,,,,,,
elastic/logstash,14620,206,14.792493,,,,,,,,,,,,,
eclipse-vertx/vert.x,14557,0,14.213279,,,,,,,,,,,,,
hdodenhof/CircleImageView,14536,0,11.625802,,,,,,,,,,,,,
Tencent/QMUI_Android,14513,35,8.368522,,,,,,,,,,,,,
alibaba/ARouter,14495,16,8.719947,,,,,,,,,,,,,
supertokens/supertokens-core,14464,91,5.660393,,,,,,,,,,,,,
arduino/Arduino,14412,37,14.960227,,,,,,,,,,,,,
theonedev/onedev,14229,428,6.825185,,,,,,,,,,,,,
deeplearning4j/deeplearning4j,14085,0,11.767108,,,,,,,,,,,,,
zaproxy/zaproxy,14034,19,10.251381,,,,,,,,,,,,,
GoogleContainerTools/jib,14009,168,7.611911,,,,,,,,,,,,,
orhanobut/logger,13891,16,10.456082,,,,,,,,,,,,,
Netflix/zuul,13874,28,12.47429,,,,,,,,,,,,,
apache/druid,13813,68,12.8603,,,,,,,,,,,,,
apache/dolphinscheduler,13786,53,6.508769,,,,,,,,,,,,,
seaswalker/spring-analysis,13724,0,8.982061,,,,,,,,,,,,,
pinpoint-apm/pinpoint,13704,61,10.870987,,,,,,,,,,,,,
JessYanCoding/AndroidAutoSize,13690,14,7.046253,,,,,,,,,,,,,
Curzibn/Luban,13677,6,9.110746,,,,,,,,,,,,,
sqshq/piggymetrics,13667,2,10.431962,,,,,,,,,,,,,
DuGuQiuBai/Java,13665,0,9.773331,,,,,,,,,,,,,
lgvalle/Material-Animations,13628,0,10.48912,,,,,,,,,,,,,
janishar/mit-deep-learning-book-pdf,13562,3,8.40677,,,,,,,,,,,,,
cryptomator/cryptomator,13559,193,11.583823,,,,,,,,,,,,,
tink-crypto/tink,13552,21,11.242548,,,,,,,,,,,,,
LuckSiege/PictureSelector,13542,116,8.661731,,,,,,,,,,,,,
languagetool-org/languagetool,13498,0,12.069348,,,,,,,,,,,,,
Bigkoo/Android-PickerView,13483,0,10.682951,,,,,,,,,,,,,
kekingcn/kkFileView,13280,16,7.724942,,,,,,,,,,,,,
projectlombok/lombok,13255,0,16.235997,,,,,,,,,,,,,
macrozheng/mall-learning,13247,0,6.394157,,,,,,,,,,,,,
youth5201314/banner,13038,0,9.365581,,,,,,,,,,,,,
pxb1988/dex2jar,12888,8,10.46855,,,,,,,,,,,,,
ashishps1/awesome-leetcode-resources,12780,0,1.858855,,,,,,,,,,,,,
Netflix/conductor,12775,319,8.736677,,,,,,,,,,,,,
facebook/stetho,12709,13,10.612133,,,,,,,,,,,,,
codecentric/spring-boot-admin,12672,136,11.108929,,,,,,,,,,,,,
google/guice,12664,19,11.266394,,,,,,,,,,,,,
alibaba/COLA,12631,11,7.571384,,,,,,,,,,,,,
greenrobot/greenDAO,12630,8,13.86542,,,,,,,,,,,,,
Netflix/eureka,12617,151,13.103598,,,,,,,,,,,,,
apache/zookeeper,12587,0,16.436325,,,,,,,,,,,,,
macrozheng/mall-swarm,12586,3,5.773397,,,,,,,,,,,,,
zhihu/Matisse,12569,15,8.391399,,,,,,,,,,,,,
daimajia/AndroidViewAnimations,12472,9,11.197426,,,,,,,,,,,,,
metersphere/metersphere,12422,179,5.582298,,,,,,,,,,,,,
daimajia/AndroidSwipeLayout,12404,18,11.024911,,,,,,,,,,,,,
pagehelper/Mybatis-PageHelper,12337,15,11.234427,,,,,,,,,,,,,
redis/jedis,12145,114,15.229232,,,,,,,,,,,,,
amitshekhariitbhu/android-interview-questions,12044,0,8.151236,,,,,,,,,,,,,
Yalantis/uCrop,12037,20,9.660374,,,,,,,,,,,,,
plantuml/plantuml,12011,57,14.82918,,,,,,,,,,,,,
Tencent/matrix,11897,16,6.728883,,,,,,,,,,,,,
Tencent/VasSonic,11869,10,8.089429,,,,,,,,,,,,,
grpc/grpc-java,11835,180,10.735743,,,,,,,,,,,,,
trinodb/trino,11815,0,6.622164,,,,,,,,,,,,,
Team-xManager/xManager,11801,51,4.565481,,,,,,,,,,,,,
debezium/debezium,11789,0,9.613078,,,,,,,,,,,,,
frank-lam/fullstack-tutorial,11684,0,7.392048,,,,,,,,,,,,,
code4craft/webmagic,11617,33,12.362716,,,,,,,,,,,,,
xpipe-io/xpipe,11506,118,2.600741,,,,,,,,,,,,,
OpenRefine/OpenRefine,11488,72,12.884114,,,,,,,,,,,,,
realm/realm-java,11485,0,13.370661,,,,,,,,,,,,,
opensearch-project/OpenSearch,11469,59,4.591645,,,,,,,,,,,,,
careercup/CtCI-6th-Edition,11460,0,10.173175,,,,,,,,,,,,,
gyf-dev/ImmersionBar,11451,0,8.374556,,,,,,,,,,,,,
newbee-ltd/newbee-mall,11389,0,5.951699,,,,,,,,,,,,,
PaperMC/Paper,11385,0,9.614745,,,,,,,,,,,,,
jhy/jsoup,11242,20,15.706939,,,,,,,,,,,,,
provectus/kafka-ui,11240,25,5.769632,,,,,,,,,,,,,
permissions-dispatcher/PermissionsDispatcher,11235,40,10.050975,,,,,,,,,,,,,
mission-peace/interview,11207,0,11.1215,,,,,,,,,,,,,
apereo/cas,11186,300,13.984818,,,,,,,,,,,,,
H07000223/FlycoTabLayout,11128,4,9.817778,,,,,,,,,,,,,
daniulive/SmarterStreaming,11117,0,9.438485,,,,,,,,,,,,,
lingochamp/FileDownloader,11112,65,9.698978,,,,,,,,,,,,,
beemdevelopment/Aegis,11058,72,9.049207,,,,,,,,,,,,,
jfeinstein10/SlidingMenu,11050,0,13.176738,,,,,,,,,,,,,
androidannotations/androidannotations,11041,0,13.658194,,,,,,,,,,,,,
datahub-project/datahub,10995,104,9.792691,,,,,,,,,,,,,
doocs/jvm,10958,0,7.197731,,,,,,,,,,,,,
LawnchairLauncher/lawnchair,10904,30,8.502317,,,,,,,,,,,,,
square/javapoet,10870,0,12.584028,,,,,,,,,,,,,
ssssssss-team/spider-flow,10850,2,5.436163,,,,,,,,,,,,,
jwtk/jjwt,10831,9,10.97324,,,,,,,,,,,,,
apple/pkl,10830,16,1.621612,,,,,,,,,,,,,
microg/GmsCore,10798,41,11.362657,,,,,,,,,,,,,
alibaba/vlayout,10777,34,8.513841,,,,,,,,,,,,,
aosp-mirror/platform_frameworks_base,10757,0,16.865866,,,,,,,,,,,,,
asLody/VirtualApp,10737,0,9.159378,,,,,,,,,,,,,
TooTallNate/Java-WebSocket,10728,19,15.616812,,,,,,,,,,,,,
clojure/clojure,10705,0,15.179154,,,,,,,,,,,,,
android-async-http/android-async-http,10635,3,14.53492,,,,,,,,,,,,,
jeasonlzy/okhttp-OkGo,10602,14,9.633349,,,,,,,,,,,,,
StarRocks/starrocks,10573,152,3.997038,,,,,,,,,,,,,
google/auto,10517,66,12.282321,,,,,,,,,,,,,
lipangit/JiaoZiVideoPlayer,10494,78,9.573061,,,,,,,,,,,,,
tbruyelle/RxPermissions,10487,11,9.928657,,,,,,,,,,,,,
Activiti/Activiti,10421,1000,12.970676,,,,,,,,,,,,,
zfile-dev/zfile,10369,67,6.040904,,,,,,,,,,,,,
resilience4j/resilience4j,10349,35,10.252245,,,,,,,,,,,,,
JessYanCoding/MVPArms,10294,25,9.075028,,,,,,,,,,,,,
awsdocs/aws-doc-sdk-examples,10180,0,9.041001,,,,,,,,,,,,,
JakeWharton/ViewPagerIndicator,10108,0,14.081599,,,,,,,,,,,,,
signalapp/Signal-Server,10039,0,11.73367,,,,,,,,,,,,,
stanfordnlp/CoreNLP,9964,19,12.183812,,,,,,,,,,,,,
wasabeef/glide-transformations,9929,0,10.649095,,,,,,,,,,,,,
googlesamples/easypermissions,9917,12,9.698201,,,,,,,,,,,,,
paascloud/paascloud-master,9894,0,7.465531,,,,,,,,,,,,,
uknownothingsnow/JsBridge,9888,0,10.517493,,,,,,,,,,,,,
SonarSource/sonarqube,9840,65,14.659986,,,,,,,,,,,,,
hackware1993/MagicIndicator,9805,12,9.187335,,,,,,,,,,,,,
HarlonWang/AVLoadingIndicatorView,9769,1,9.859482,,,,,,,,,,,,,
OpenFeign/feign,9729,39,12.186295,,,,,,,,,,,,,
YoKeyword/Fragmentation,9727,30,9.526764,,,,,,,,,,,,,
lihengming/spring-boot-api-project-seed,9681,4,8.196032,,,,,,,,,,,,,
xuchengsheng/spring-reading,9678,0,1.967809,,,,,,,,,,,,,
perwendel/spark,9659,0,14.331355,,,,,,,,,,,,,
ksoichiro/Android-ObservableScrollView,9655,0,10.818363,,,,,,,,,,,,,
react-native-camera/react-native-camera,9648,144,10.425692,,,,,,,,,,,,,
koral--/android-gif-drawable,9630,61,12.59125,,,,,,,,,,,,,
bilibili/DanmakuFlameMaster,9602,5,12.061626,,,,,,,,,,,,,
spinnaker/spinnaker,9573,13,11.171057,,,,,,,,,,,,,
liaohuqiu/android-Ultra-Pull-To-Refresh,9568,8,10.80599,,,,,,,,,,,,,
MyCATApache/Mycat-Server,9555,7,10.748545,,,,,,,,,,,,,
umano/AndroidSlidingUpPanel,9505,8,12.258038,,,,,,,,,,,,,
crossoverJie/cim,9441,9,7.28914,,,,,,,,,,,,,
pockethub/PocketHub,9384,1,13.985814,,,,,,,,,,,,,
Justson/AgentWeb,9353,21,8.311289,,,,,,,,,,,,,
apache/cassandra,9350,0,16.287287,,,,,,,,,,,,,
huanghaibin-dev/CalendarView,9309,1,8.481093,,,,,,,,,,,,,
seven332/EhViewer,9307,97,11.306008,,,,,,,,,,,,,
GcsSloop/AndroidNote,9292,0,9.661952,,,,,,,,,,,,,
spring-projects/spring-security,9279,227,13.645754,,,,,,,,,,,,,
android/testing-samples,9278,0,10.896266,,,,,,,,,,,,,
json-path/JsonPath,9275,10,14.607712,,,,,,,,,,,,,
cats-oss/android-gpuimage,9126,0,12.913567,,,,,,,,,,,,,
flyway/flyway,9057,265,12.717979,,,,,,,,,,,,,
didi/VirtualAPK,9042,4,8.179912,,,,,,,,,,,,,
navasmdc/MaterialDesignLibrary,8975,3,10.925953,,,,,,,,,,,,,
apache/jmeter,8971,10,15.271834,,,,,,,,,,,,,
KunMinX/Jetpack-MVVM-Best-Practice,8951,0,5.842024,,,,,,,,,,,,,
langchain4j/langchain4j,8864,51,2.204999,,,,,,,,,,,,,
Freelander/Android_Data,8842,0,10.417397,,,,,,,,,,,,,
nathanmarz/storm,8811,0,13.962196,,,,,,,,,,,,,
laobie/StatusBarUtil,8806,0,9.54933,,,,,,,,,,,,,
java-native-access/jna,8792,0,14.347595,,,,,,,,,,,,,
apache/seatunnel,8757,51,8.078403,,,,,,,,,,,,,
Blankj/awesome-java-leetcode,8717,0,8.378812,,,,,,,,,,,,,
chrisbanes/Android-PullToRefresh,8689,0,13.762096,,,,,,,,,,,,,
flowable/flowable-engine,8684,28,8.889022,,,,,,,,,,,,,
ybq/Android-SpinKit,8664,0,9.455607,,,,,,,,,,,,,
checkstyle/checkstyle,8661,169,12.008036,,,,,,,,,,,,,
karatelabs/karate,8651,54,8.567709,,,,,,,,,,,,,
apache/shenyu,8649,13,7.147642,,,,,,,,,,,,,
shwenzhang/AndResGuard,8621,4,9.896045,,,,,,,,,,,,,
react-native-image-picker/react-native-image-picker,8584,142,10.237292,,,,,,,,,,,,,
chrisjenx/Calligraphy,8571,4,11.704076,,,,,,,,,,,,,
airbnb/epoxy,8563,76,9.067926,,,,,,,,,,,,,
amitshekhariitbhu/Android-Debug-Database,8561,14,8.795139,,,,,,,,,,,,,
facebook/buck,8557,57,12.378545,,,,,,,,,,,,,
dropwizard/dropwizard,8553,188,14.620654,,,,,,,,,,,,,
junit-team/junit4,8535,13,16.637559,,,,,,,,,,,,,
frohoff/ysoserial,8495,1,10.597456,,,,,,,,,,,,,
google/tsunami-security-scanner,8459,27,5.249395,,,,,,,,,,,,,
roughike/BottomBar,8393,4,9.467375,,,,,,,,,,,,,
hs-web/hsweb-framework,8382,30,9.625904,,,,,,,,,,,,,
PojavLauncherTeam/PojavLauncher,8362,126,5.480852,,,,,,,,,,,,,
LSPosed/LSPatch,8359,9,4.50706,,,,,,,,,,,,,
DImuthuUpe/AndroidPdfViewer,8354,0,9.251674,,,,,,,,,,,,,
ZCShou/GoGoGo,8338,8,3.750118,,,,,,,,,,,,,
testcontainers/testcontainers-java,8310,85,10.394226,,,,,,,,,,,,,
wildfirechat/im-server,8286,107,6.610218,,,,,,,,,,,,,
apache/beam,8281,52,9.584363,,,,,,,,,,,,,
apache/shardingsphere-elasticjob,8205,30,9.978217,,,,,,,,,,,,,
pentaho/pentaho-kettle,8153,1,11.902131,,,,,,,,,,,,,
alibaba/atlas,8152,7,8.511294,,,,,,,,,,,,,
alibaba/otter,8123,10,12.067421,,,,,,,,,,,,,
cabaletta/baritone,8119,85,7.089318,,,,,,,,,,,,,
alibaba/transmittable-thread-local,8118,58,11.889542,,,,,,,,,,,,,
florent37/MaterialViewPager,8115,11,10.360785,,,,,,,,,,,,,
guolindev/LitePal,8100,0,12.533561,,,,,,,,,,,,,
HMCL-dev/HMCL,8086,256,10.200369,,,,,,,,,,,,,
bytedeco/javacv,8074,13,11.368776,,,,,,,,,,,,,
aeron-io/aeron,8066,126,11.568246,,,,,,,,,,,,,
aritraroy/UltimateAndroidReference,8065,0,8.398934,,,,,,,,,,,,,
Netflix/SimianArmy,7985,4,13.158399,,,,,,,,,,,,,
davemorrissey/subsampling-scale-image-view,7982,21,12.020052,,,,,,,,,,,,,
junixapp/XPopup,7961,221,6.739933,,,,,,,,,,,,,
apache/tomcat,7936,0,13.923971,,,,,,,,,,,,,
JakeWharton/hugo,7931,0,11.771761,,,,,,,,,,,,,
apache/iceberg,7917,30,6.788054,,,,,,,,,,,,,
dropwizard/metrics,7853,138,15.515946,,,,,,,,,,,,,
HannahMitt/HomeMirror,7845,0,10.031165,,,,,,,,,,,,,
software-mansion/react-native-svg,7807,123,9.627429,,,,,,,,,,,,,
ChrisRM/material-theme-jetbrains,7798,17,9.945845,,,,,,,,,,,,,
Graylog2/graylog2-server,7784,0,15.296724,,,,,,,,,,,,,
trello-archive/RxLifecycle,7696,22,10.123088,,,,,,,,,,,,,
goldze/MVVMHabit,7686,3,8.119312,,,,,,,,,,,,,
vipshop/vjtools,7672,9,7.265276,,,,,,,,,,,,,
Tencent/Shadow,7638,5,6.224697,,,,,,,,,,,,,
krahets/LeetCode-Book,7628,0,3.710959,,,,,,,,,,,,,
gedoor/MyBookshelf,7622,165,7.227553,,,,,,,,,,,,,
lecho/hellocharts-android,7617,14,10.892918,,,,,,,,,,,,,
google/android-classyshark,7587,17,9.893093,,,,,,,,,,,,,
PowerJob/PowerJob,7580,51,5.466484,,,,,,,,,,,,,
google/closure-compiler,7564,0,11.382275,,,,,,,,,,,,,
koush/AndroidAsync,7547,0,13.025905,,,,,,,,,,,,,
kaushikgopal/RxJava-Android-Samples,7530,0,11.115138,,,,,,,,,,,,,
kevin-wayne/algs4,7501,0,10.008562,,,,,,,,,,,,,
mapstruct/mapstruct,7479,35,13.266235,,,,,,,,,,,,,
yuanguangxin/LeetCode,7467,0,5.645391,,,,,,,,,,,,,
swagger-api/swagger-core,7450,120,14.162993,,,,,,,,,,,,,
jeecgboot/jimureport,7441,29,5.745391,,,,,,,,,,,,,
enso-org/enso,7435,469,8.712656,,,,,,,,,,,,,
lenve/VBlog,7421,0,7.686687,,,,,,,,,,,,,
dyc87112/SpringCloud-Learning,7402,0,9.03455,,,,,,,,,,,,,
abel533/Mapper,7374,8,10.783196,,,,,,,,,,,,,
leolin310148/ShortcutBadger,7356,0,11.79873,,,,,,,,,,,,,
Qihoo360/RePlugin,7341,19,8.237153,,,,,,,,,,,,,
square/dagger,7302,0,13.084315,,,,,,,,,,,,,
MinecraftForge/MinecraftForge,7295,0,13.593309,,,,,,,,,,,,,
gunnarmorling/1brc,7291,0,1.682787,,,,,,,,,,,,,
gocd/gocd,7285,86,11.722918,,,,,,,,,,,,,
Bearded-Hen/Android-Bootstrap,7273,5,11.836748,,,,,,,,,,,,,
pedant/sweet-alert-dialog,7255,2,10.873732,,,,,,,,,,,,,
crazycodeboy/TakePhoto,7243,15,10.083327,,,,,,,,,,,,,
Exrick/xmall,7232,0,8.101153,,,,,,,,,,,,,
geeeeeeeeek/WeChatLuckyMoney,7223,20,9.925661,,,,,,,,,,,,,
AntennaPod/AntennaPod,7212,62,13.091275,,,,,,,,,,,,,
cymcsg/UltimateRecyclerView,7207,9,10.598,,,,,,,,,,,,,
google/agera,7169,16,9.712429,,,,,,,,,,,,,
NanoHttpd/nanohttpd,7158,3,13.062589,,,,,,,,,,,,,
dependency-check/DependencyCheck,7157,85,12.997012,,,,,,,,,,,,,
didi/KnowStreaming,7141,23,5.458739,,,,,,,,,,,,,
ogaclejapan/SmartTabLayout,7101,0,10.550434,,,,,,,,,,,,,
JakeWharton/ActionBarSherlock,7076,32,14.492249,,,,,,,,,,,,,
Alluxio/alluxio,7065,61,12.698928,,,,,,,,,,,,,
naman14/Timber,7057,5,10.226763,,,,,,,,,,,,,
Genymobile/gnirehtet,7053,12,8.562231,,,,,,,,,,,,,
google/error-prone,7038,57,11.033663,,,,,,,,,,,,,
NLPchina/elasticsearch-sql,7033,272,11.026476,,,,,,,,,,,,,
h2pl/JavaTutorial,7029,1,7.341156,,,,,,,,,,,,,
rest-assured/rest-assured,7019,0,14.868348,,,,,,,,,,,,,
mrniko/netty-socketio,6992,19,13.641433,,,,,,,,,,,,,
AutoMQ/automq,6990,69,2.047079,,,,,,,,,,,,,
wiremock/wiremock,6966,51,13.900534,,,,,,,,,,,,,
DroidPluginTeam/DroidPlugin,6963,2,10.019311,,,,,,,,,,,,,
alibaba/jvm-sandbox,6920,13,8.084601,,,,,,,,,,,,,
hongyangAndroid/okhttputils,6865,0,10.046274,,,,,,,,,,,,,
Meituan-Dianping/walle,6847,1,8.645776,,,,,,,,,,,,,
macrozheng/springcloud-learning,6823,0,5.990181,,,,,,,,,,,,,
exadel-inc/CompreFace,6811,11,5.15994,,,,,,,,,,,,,
rabbitmq/rabbitmq-tutorials,6804,0,14.95013,,,,,,,,,,,,,
zo0r/react-native-push-notification,6789,35,9.7199,,,,,,,,,,,,,
smuyyh/BookReader,6779,0,9.083646,,,,,,,,,,,,,
junit-team/junit-framework,6777,96,10.642646,,,,,,,,,,,,,
Angel-ML/angel,6775,19,8.358039,,,,,,,,,,,,,
CoderLeixiaoshuai/java-eight-part,6758,0,4.879772,,,,,,,,,,,,,
guardianproject/haven,6727,37,8.508921,,,,,,,,,,,,,
markzhai/AndroidPerformanceMonitor,6726,0,9.628467,,,,,,,,,,,,,
getActivity/AndroidProject,6715,17,6.862653,,,,,,,,,,,,,
gzu-liyujiang/AndroidPicker,6709,57,9.868375,,,,,,,,,,,,,
zouzg/mybatis-generator-gui,6705,16,9.319858,,,,,,,,,,,,,
fuzhengwei/itstack-demo-design,6699,0,5.288019,,,,,,,,,,,,,
527515025/springBoot,6697,0,8.821163,,,,,,,,,,,,,
hongyangAndroid/AndroidAutoLayout,6676,0,9.79037,,,,,,,,,,,,,
Meituan-Dianping/Leaf,6660,0,6.728821,,,,,,,,,,,,,
yanzhenjie/AndPermission,6648,0,8.97687,,,,,,,,,,,,,
apache/storm,6648,5,11.826664,,,,,,,,,,,,,
Col-E/Recaf,6631,170,8.103413,,,,,,,,,,,,,
spring-projects/spring-ai,6610,1,2.185441,,,,,,,,,,,,,
quartz-scheduler/quartz,6601,5,9.490582,,,,,,,,,,,,,
GrenderG/Toasty,6601,19,8.622138,,,,,,,,,,,,,
raphw/byte-buddy,6598,303,11.77058,,,,,,,,,,,,,
apache/hertzbeat,6569,6,3.576742,,,,,,,,,,,,,
apache/zeppelin,6556,0,10.444163,,,,,,,,,,,,,
JesusFreke/smali,6530,0,12.942355,,,,,,,,,,,,,
NLPchina/ansj_seg,6529,3,12.993223,,,,,,,,,,,,,
jOOQ/jOOQ,6509,102,14.380768,,,,,,,,,,,,,
ximsfei/Android-skin-support,6508,0,8.639,,,,,,,,,,,,,
processing/processing,6505,48,12.605435,,,,,,,,,,,,,
MuntashirAkon/AppManager,6460,76,5.261737,,,,,,,,,,,,,
FongMi/TV,6446,0,3.199562,,,,,,,,,,,,,
ArthurHub/Android-Image-Cropper,6429,32,10.632639,,,,,,,,,,,,,
wxiaoqi/Spring-Cloud-Platform,6429,3,8.275376,,,,,,,,,,,,,
vinc3m1/RoundedImageView,6428,19,12.528319,,,,,,,,,,,,,
getActivity/XXPermissions,6426,72,7.218117,,,,,,,,,,,,,
traccar/traccar,6422,63,13.381699,,,,,,,,,,,,,
pig-mesh/pig,6412,19,6.022943,,,,,,,,,,,,,
AsyncHttpClient/async-http-client,6392,6,14.492681,,,,,,,,,,,,,
hazelcast/hazelcast,6384,200,13.452443,,,,,,,,,,,,,
aa112901/remusic,6360,0,9.444923,,,,,,,,,,,,,
sshahine/JFoenix,6347,0,9.986135,,,,,,,,,,,,,
wasabeef/richeditor-android,6333,0,10.429411,,,,,,,,,,,,,
joelittlejohn/jsonschema2pojo,6328,63,12.19736,,,,,,,,,,,,,
vespa-engine/vespa,6325,235,9.248874,,,,,,,,,,,,,
amitshekhariitbhu/from-java-to-kotlin,6293,0,8.286173,,,,,,,,,,,,,
micronaut-projects/micronaut-core,6290,308,7.49218,,,,,,,,,,,,,
koush/ion,6275,0,12.28392,,,,,,,,,,,,,
lightbend/config,6261,2,13.743155,,,,,,,,,,,,,
haifengl/smile,6248,33,10.785314,,,,,,,,,,,,,
648540858/wvp-GB28181-pro,6241,1,4.800623,,,,,,,,,,,,,
hibernate/hibernate-orm,6228,108,14.914017,,,,,,,,,,,,,
ityouknow/spring-cloud-examples,6225,0,8.349501,,,,,,,,,,,,,
apache/flink-cdc,6211,22,5.101203,,,,,,,,,,,,,
graphql-java/graphql-java,6195,93,10.162179,,,,,,,,,,,,,
gephi/gephi,6191,19,13.866905,,,,,,,,,,,,,
DerekYRC/mini-spring,6183,0,4.79267,,,,,,,,,,,,,
Javen205/IJPay,6145,24,8.339183,,,,,,,,,,,,,
jetlinks/jetlinks-community,6136,20,5.669299,,,,,,,,,,,,,
google/grafika,6131,1,11.704988,,,,,,,,,,,,,
ikew0ng/SwipeBackLayout,6126,0,12.024291,,,,,,,,,,,,,
auth0/java-jwt,6118,45,11.491836,,,,,,,,,,,,,
logisim-evolution/logisim-evolution,6115,30,10.956325,,,,,,,,,,,,,
apache/incubator-kie-drools,6110,6,14.539804,,,,,,,,,,,,,
daimajia/NumberProgressBar,6104,3,11.341961,,,,,,,,,,,,,
rengwuxian/MaterialEditText,6100,19,10.843534,,,,,,,,,,,,,
nayuki/QR-Code-generator,6074,5,9.385148,,,,,,,,,,,,,
Vedenin/useful-java-links,6059,0,9.553649,,,,,,,,,,,,,
alipay/SoloPi,6032,8,6.473305,,,,,,,,,,,,,
google/j2objc,6029,1,11.589802,,,,,,,,,,,,,
singwhatiwanna/dynamic-load-apk,6029,0,11.429237,,,,,,,,,,,,,
LandGrey/SpringBootVulExploit,6028,0,5.288527,,,,,,,,,,,,,
pedrovgs/EffectiveAndroidUI,6015,0,11.166762,,,,,,,,,,,,,
rey5137/material,5989,10,10.733791,,,,,,,,,,,,,
google/physical-web,5984,17,10.924709,,,,,,,,,,,,,
graphhopper/graphhopper,5983,45,13.539194,,,,,,,,,,,,,
robolectric/robolectric,5970,110,15.017119,,,,,,,,,,,,,
wyouflf/xUtils3,5969,9,9.849601,,,,,,,,,,,,,
vavr-io/vavr,5964,19,11.59051,,,,,,,,,,,,,
liyifeng1994/ssm,5960,0,9.20814,,,,,,,,,,,,,
obsidiandynamics/kafdrop,5954,50,6.271476,,,,,,,,,,,,,
btraceio/btrace,5949,33,11.015009,,,,,,,,,,,,,
springfox/springfox,5938,12,13.327161,,,,,,,,,,,,,
apache/camel,5937,0,16.287487,,,,,,,,,,,,,
javaparser/javaparser,5935,55,13.843769,,,,,,,,,,,,,
prolificinteractive/material-calendarview,5928,22,10.562857,,,,,,,,,,,,,
apache/hudi,5928,31,8.718303,,,,,,,,,,,,,
antoniolg/androidmvp,5924,0,11.421724,,,,,,,,,,,,,
google/google-java-format,5907,35,10.313928,,,,,,,,,,,,,
weibocom/motan,5894,27,9.370477,,,,,,,,,,,,,
journeyapps/zxing-android-embedded,5889,9,12.762027,,,,,,,,,,,,,
apache/pinot,5887,20,11.291019,,,,,,,,,,,,,
lets-blade/blade,5878,9,10.233737,,,,,,,,,,,,,
WeiYe-Jing/datax-web,5875,5,5.790484,,,,,,,,,,,,,
apache/iotdb,5871,46,6.773791,,,,,,,,,,,,,
ZhongFuCheng3y/austin,5869,0,3.823744,,,,,,,,,,,,,
opengoofy/hippo4j,5866,18,4.21601,,,,,,,,,,,,,
amitshekhariitbhu/Fast-Android-Networking,5839,10,9.451739,,,,,,,,,,,,,
CeuiLiSA/Pixiv-Shaft,5825,110,6.424658,,,,,,,,,,,,,
ffay/lanproxy,5805,1,8.784889,,,,,,,,,,,,,
Nightonke/BoomMenu,5805,0,9.457959,,,,,,,,,,,,,
changmingxie/tcc-transaction,5797,8,9.746301,,,,,,,,,,,,,
JSQLParser/JSqlParser,5797,37,14.195947,,,,,,,,,,,,,
youtube/api-samples,5790,0,11.732357,,,,,,,,,,,,,
yarolegovich/DiscreteScrollView,5789,2,8.501128,,,,,,,,,,,,,
LaurieWired/GhidraMCP,5786,5,0.448428,,,,,,,,,,,,,
apache/hive,5780,0,16.287249,,,,,,,,,,,,,
JakeWharton/DiskLruCache,5776,0,13.661867,,,,,,,,,,,,,
dmytrodanylyk/circular-progress-button,5772,3,11.240196,,,,,,,,,,,,,
Nepxion/Discovery,5744,132,7.20149,,,,,,,,,,,,,
TeamAmaze/AmazeFileManager,5742,66,11.138118,,,,,,,,,,,,,
k0shk0sh/FastHub,5735,63,8.537378,,,,,,,,,,,,,
Devlight/InfiniteCycleViewPager,5727,2,9.03131,,,,,,,,,,,,,
jpush/aurora-imui,5716,42,8.722238,,,,,,,,,,,,,
jeequan/jeepay,5712,0,8.059989,,,,,,,,,,,,,
yanzhenjie/SwipeRecyclerView,5708,0,9.082457,,,,,,,,,,,,,
springside/springside4,5687,3,13.526796,,,,,,,,,,,,,
dromara/lamp-cloud,5682,0,7.627389,,,,,,,,,,,,,
wasabeef/Blurry,5661,0,10.1148,,,,,,,,,,,,,
JakeWharton/u2020,5659,0,11.801571,,,,,,,,,,,,,
crazycodeboy/react-native-splash-screen,5658,12,8.968037,,,,,,,,,,,,,
jagrosh/MusicBot,5653,38,9.051992,,,,,,,,,,,,,
hanks-zyh/HTextView,5651,0,9.706589,,,,,,,,,,,,,
alibaba/spring-ai-alibaba,5649,10,0.982768,,,,,,,,,,,,,
apache/nifi,5644,0,10.726048,,,,,,,,,,,,,
redis/lettuce,5632,134,11.316837,,,,,,,,,,,,,
ZHENFENG13/spring-boot-projects,5625,0,8.424219,,,,,,,,,,,,,
daimajia/AndroidImageSlider,5620,5,11.254674,,,,,,,,,,,,,
ElderDrivers/EdXposed,5603,27,6.6238,,,,,,,,,,,,,
JanusGraph/janusgraph,5602,28,8.685729,,,,,,,,,,,,,
meefik/linuxdeploy,5600,37,13.034419,,,,,,,,,,,,,
TommyLemon/Android-ZBLibrary,5599,25,10.037928,,,,,,,,,,,,,
hongyangAndroid/FlowLayout,5597,0,10.016769,,,,,,,,,,,,,
amlcurran/ShowcaseView,5583,13,13.051952,,,,,,,,,,,,,
Suwayomi/Suwayomi-Server,5558,58,4.693134,,,,,,,,,,,,,
baidu/uid-generator,5558,0,8.437654,,,,,,,,,,,,,
knightliao/disconf,5554,12,11.262478,,,,,,,,,,,,,
nhaarman/ListViewAnimations,5551,14,12.458653,,,,,,,,,,,,,
danikula/AndroidVideoCache,5501,20,10.424493,,,,,,,,,,,,,
emilsjolander/StickyListHeaders,5497,16,13.47913,,,,,,,,,,,,,
wuhaoyu1990/MagicCamera,5495,0,9.652398,,,,,,,,,,,,,
jd-opensource/joyagent-jdgenie,5482,0,0.133874,,,,,,,,,,,,,
sockeqwe/mosby,5478,15,10.44485,,,,,,,,,,,,,
00-Evan/shattered-pixel-dungeon,5473,52,11.09133,,,,,,,,,,,,,
alibaba/jetcache,5466,67,8.393422,,,,,,,,,,,,,
scribejava/scribejava,5466,9,14.993081,,,,,,,,,,,,,
alibaba/freeline,5461,22,9.082268,,,,,,,,,,,,,
KeepSafe/TapTargetView,5456,24,8.976433,,,,,,,,,,,,,
dm77/barcodescanner,5450,6,11.521253,,,,,,,,,,,,,
motianhuo/wechat,5437,0,10.277661,,,,,,,,,,,,,
201206030/novel,5436,12,5.812378,,,,,,,,,,,,,
Jasonchenlijian/FastBle,5436,9,9.029253,,,,,,,,,,,,,
facebookarchive/rebound,5418,10,11.895885,,,,,,,,,,,,,
ddd-by-examples/library,5416,0,6.643772,,,,,,,,,,,,,
apache/dubbo-spring-boot-project,5406,13,7.623587,,,,,,,,,,,,,
socketio/socket.io-client-java,5404,7,12.348559,,,,,,,,,,,,,
apache/hbase,5380,47,11.281946,,,,,,,,,,,,,
Evernote/android-job,5372,31,10.037523,,,,,,,,,,,,,
facebookarchive/shimmer-android,5365,5,10.513589,,,,,,,,,,,,,
mik3y/usb-serial-for-android,5365,33,12.175364,,,,,,,,,,,,,
houbb/sensitive-word,5360,2,5.656099,,,,,,,,,,,,,
strimzi/strimzi-kafka-operator,5357,155,9.326907,,,,,,,,,,,,,
jgilfelt/SystemBarTint,5355,3,11.793287,,,,,,,,,,,,,
apache/groovy,5352,0,10.383931,,,,,,,,,,,,,
commonsguy/cw-omnibus,5351,36,13.476881,,,,,,,,,,,,,
spring-projects/spring-data-examples,5347,0,11.59033,,,,,,,,,,,,,
microsoft/typespec,5347,259,4.175342,,,,,,,,,,,,,
h6ah4i/android-advancedrecyclerview,5337,1,10.607381,,,,,,,,,,,,,
ikarus23/MifareClassicTool,5335,8,12.55406,,,,,,,,,,,,,
XRecyclerView/XRecyclerView,5324,0,9.792414,,,,,,,,,,,,,
coobird/thumbnailator,5318,0,10.110301,,,,,,,,,,,,,
mybatis/generator,5313,11,12.560038,,,,,,,,,,,,,
google/google-authenticator,5302,0,10.902879,,,,,,,,,,,,,
evant/gradle-retrolambda,5294,37,12.079212,,,,,,,,,,,,,
LFDT-web3j/web3j,5290,119,8.995976,,,,,,,,,,,,,
osmandapp/OsmAnd,5288,1,14.631593,,,,,,,,,,,,,
xxv/android-lifecycle,5275,0,11.376923,,,,,,,,,,,,,
yixia/VitamioBundle,5273,0,12.872446,,,,,,,,,,,,,
CaffeineMC/sodium,5256,40,5.587665,,,,,,,,,,,,,
CodingDocs/springboot-guide,5254,0,6.765167,,,,,,,,,,,,,
lingochamp/okdownload,5247,8,7.711634,,,,,,,,,,,,,
zfdang/Android-Touch-Helper,5242,112,4.881538,,,,,,,,,,,,,
Yalantis/Side-Menu.Android,5241,2,10.638073,,,,,,,,,,,,,
thinkaurelius/titan,5241,0,13.519695,,,,,,,,,,,,,
razerdp/BasePopup,5233,15,9.634157,,,,,,,,,,,,,
lucasr/twoway-view,5226,0,12.621905,,,,,,,,,,,,,
Doikki/DKVideoPlayer,5224,32,8.396872,,,,,,,,,,,,,
huangyanbin/smartTable,5220,44,7.819228,,,,,,,,,,,,,
alibaba/QLExpress,5220,17,8.469984,,,,,,,,,,,,,
cinit/QAuxiliary,5218,48,3.594152,,,,,,,,,,,,,
rubenlagus/TelegramBots,5217,107,9.637272,,,,,,,,,,,,,
Karumi/Dexter,5215,33,9.794581,,,,,,,,,,,,,
Clans/FloatingActionButton,5209,14,10.454476,,,,,,,,,,,,,
GeyserMC/Geyser,5205,0,6.155505,,,,,,,,,,,,,
liquibase/liquibase,5205,103,14.155191,,,,,,,,,,,,,
pmd/pmd,5194,107,13.145162,,,,,,,,,,,,,
citerus/dddsample-core,5187,0,10.587404,,,,,,,,,,,,,
hustcc/JS-Sorting-Algorithm,5186,0,8.62023,,,,,,,,,,,,,
remkop/picocli,5185,86,8.584063,,,,,,,,,,,,,
dunwu/db-tutorial,5177,0,8.070498,,,,,,,,,,,,,
tonikelope/megabasterd,5160,208,8.926264,,,,,,,,,,,,,
android/views-widgets-samples,5154,0,5.990747,,,,,,,,,,,,,
square/otto,5149,0,13.183371,,,,,,,,,,,,,
careercup/ctci,5147,0,12.451919,,,,,,,,,,,,,
j-easy/easy-rules,5146,10,12.482991,,,,,,,,,,,,,
novicezk/midjourney-proxy,5135,0,2.361261,,,,,,,,,,,,,
Fuzion24/JustTrustMe,5134,1,11.110289,,,,,,,,,,,,,
reactor/reactor-core,5133,210,9.814104,,,,,,,,,,,,,
brianfrankcooper/YCSB,5131,55,15.373451,,,,,,,,,,,,,
bitcoinj/bitcoinj,5129,14,11.788728,,,,,,,,,,,,,
LWJGL/lwjgl3,5119,21,12.693689,,,,,,,,,,,,,
runelite/runelite,5105,0,9.341974,,,,,,,,,,,,,
CellularPrivacy/Android-IMSI-Catcher-Detector,5089,48,11.777147,,,,,,,,,,,,,
deathmarine/Luyten,5086,17,12.146656,,,,,,,,,,,,,
zhanglei-workspace/shopping-management-system,5085,0,9.79736,,,,,,,,,,,,,
hneemann/Digital,5084,35,9.180798,,,,,,,,,,,,,
natario1/CameraView,5084,42,8.127656,,,,,,,,,,,,,
fast-excel/fastexcel,5070,5,0.91043,,,,,,,,,,,,,
jindrapetrik/jpexs-decompiler,5069,172,11.316358,,,,,,,,,,,,,
oshi/oshi,5068,165,13.561917,,,,,,,,,,,,,
OpenTSDB/opentsdb,5061,27,15.019673,,,,,,,,,,,,,
sofastack/sofa-boot,5060,82,7.421409,,,,,,,,,,,,,
diffplug/spotless,5058,35,10.352426,,,,,,,,,,,,,
wequick/Small,5050,25,9.767388,,,,,,,,,,,,,
xuexiangjys/XUI,5041,23,6.654867,,,,,,,,,,,,,
spring-projects/spring-authorization-server,5040,80,5.462818,,,,,,,,,,,,,
baomidou/dynamic-datasource,5037,18,7.350902,,,,,,,,,,,,,
Exrick/xpay,5029,0,7.72443,,,,,,,,,,,,,
killbill/killbill,5019,150,12.865575,,,,,,,,,,,,,
yipianfengye/android-zxingLibrary,5018,0,9.105241,,,,,,,,,,,,,
Trinea/android-common,5017,1,13.206561,,,,,,,,,,,,,
youlookwhat/DesignPattern,5011,0,8.866707,,,,,,,,,,,,,
jankotek/mapdb,5010,0,13.044155,,,,,,,,,,,,,
rubensousa/GravitySnapHelper,5005,14,9.006744,,,,,,,,,,,,,
tianshiyeben/wgcloud,5004,29,6.633642,,,,,,,,,,,,,
2227324689/gpmall,5000,0,6.128495,,,,,,,,,,,,,
youlookwhat/CloudReader,4995,26,8.784458,,,,,,,,,,,,,
line/armeria,4994,260,9.798366,,,,,,,,,,,,,
DingMouRen/LayoutManagerGroup,4992,0,7.349846,,,,,,,,,,,,,
orhanobut/dialogplus,4989,9,10.725888,,,,,,,,,,,,,
spring-attic/spring-mvc-showcase,4987,0,14.251532,,,,,,,,,,,,,
alibaba/UltraViewPager,4985,10,8.431099,,,,,,,,,,,,,
apache/ignite,4979,0,10.537137,,,,,,,,,,,,,
JodaOrg/joda-time,4975,50,14.300674,,,,,,,,,,,,,
frogermcs/InstaMaterial,4970,1,10.812411,,,,,,,,,,,,,
killme2008/aviatorscript,4963,52,14.43255,,,,,,,,,,,,,
Devlight/NavigationTabBar,4951,13,9.430932,,,,,,,,,,,,,
bisq-network/bisq,4943,142,11.478763,,,,,,,,,,,,,
amitshekhariitbhu/RxJava2-Android-Samples,4943,0,9.017589,,,,,,,,,,,,,
react-native-linear-gradient/react-native-linear-gradient,4939,18,10.426512,,,,,,,,,,,,,
spring-cloud/spring-cloud-netflix,4930,24,11.146792,,,,,,,,,,,,,
apache/calcite,4928,0,11.191597,,,,,,,,,,,,,
lugg/react-native-config,4920,30,9.527746,,,,,,,,,,,,,
roncoo/roncoo-pay,4917,0,9.119527,,,,,,,,,,,,,
traex/RippleEffect,4914,0,10.886949,,,,,,,,,,,,,
javastacks/spring-boot-best-practice,4907,0,6.816582,,,,,,,,,,,,,
Ramotion/folding-cell-android,4905,0,9.422416,,,,,,,,,,,,,
querydsl/querydsl,4904,35,14.080056,,,,,,,,,,,,,
DiUS/java-faker,4894,0,14.244983,,,,,,,,,,,,,
PBH-BTN/PeerBanHelper,4888,143,1.569924,,,,,,,,,,,,,
Docile-Alligator/Infinity-For-Reddit,4880,180,7.105806,,,,,,,,,,,,,
cglib/cglib,4872,15,11.431752,,,,,,,,,,,,,
orientechnologies/orientdb,4862,224,12.731461,,,,,,,,,,,,,
rstudio/rstudio,4859,0,14.738464,,,,,,,,,,,,,
react-native-webrtc/react-native-webrtc,4858,81,9.934473,,,,,,,,,,,,,
reactive-streams/reactive-streams-jvm,4855,0,11.511211,,,,,,,,,,,,,
Sayi/poi-tl,4842,14,10.457877,,,,,,,,,,,,,
fuzhengwei/small-spring,4841,0,4.303265,,,,,,,,,,,,,
allure-framework/allure2,4833,78,9.268816,,,,,,,,,,,,,
nextcloud/android,4829,259,9.240606,,,,,,,,,,,,,
mcxiaoke/packer-ng-plugin,4825,1,9.776456,,,,,,,,,,,,,
andkulikov/Transitions-Everywhere,4807,23,10.885344,,,,,,,,,,,,,
claritylab/lucida,4798,0,11.30816,,,,,,,,,,,,,
TheoKanning/openai-java,4790,22,4.966184,,,,,,,,,,,,,
mock-server/mockserver,4789,0,12.516813,,,,,,,,,,,,,
saiwu-bigkoo/Android-ConvenientBanner,4776,0,10.696137,,,,,,,,,,,,,
ronmamo/reflections,4767,3,12.381499,,,,,,,,,,,,,
tuguangquan/mybatis,4763,0,10.833184,,,,,,,,,,,,,
apache/maven,4758,26,16.287153,,,,,,,,,,,,,
etsy/AndroidStaggeredGrid,4753,7,11.73224,,,,,,,,,,,,,
nisrulz/android-tips-tricks,4749,0,9.021685,,,,,,,,,,,,,
kyleduo/SwitchButton,4748,0,10.983482,,,,,,,,,,,,,
spring-cloud/spring-cloud-gateway,4731,34,8.7943,,,,,,,,,,,,,
firebase/FirebaseUI-Android,4731,66,10.152752,,,,,,,,,,,,,
google/cameraview,4724,0,9.080901,,,,,,,,,,,,,
hongyangAndroid/baseAdapter,4723,0,10.08597,,,,,,,,,,,,,
zq2599/blog_demos,4716,0,8.401971,,,,,,,,,,,,,
hansonwang99/Spring-Boot-In-Action,4714,0,6.596806,,,,,,,,,,,,,
zlt2000/microservices-platform,4701,30,6.49342,,,,,,,,,,,,,
micrometer-metrics/micrometer,4701,270,8.397323,,,,,,,,,,,,,
spring-attic/spring-security-oauth,4701,0,14.106137,,,,,,,,,,,,,
jgilfelt/chuck,4700,5,8.566813,,,,,,,,,,,,,
pardom-zz/ActiveAndroid,4680,0,12.797441,,,,,,,,,,,,,
SPLWare/esProc,4665,0,3.814836,,,,,,,,,,,,,
wdullaer/MaterialDateTimePicker,4661,54,10.664484,,,,,,,,,,,,,
saysky/ForestBlog,4660,0,7.902474,,,,,,,,,,,,,
cjlin1/libsvm,4658,0,11.979239,,,,,,,,,,,,,
stleary/JSON-java,4658,24,14.700294,,,,,,,,,,,,,
Heeexy/SpringBoot-Shiro-Vue,4648,0,7.792577,,,,,,,,,,,,,
gabrielemariotti/cardslib,4646,27,11.951014,,,,,,,,,,,,,
romandanylyk/PageIndicatorView,4640,14,9.035492,,,,,,,,,,,,,
bytedeco/javacpp,4635,13,11.368898,,,,,,,,,,,,,
deepjavalibrary/djl,4633,35,5.845528,,,,,,,,,,,,,
gsantner/markor,4627,76,8.021949,,,,,,,,,,,,,
oracle/opengrok,4625,293,12.65306,,,,,,,,,,,,,
Netflix/ribbon,4617,41,12.632376,,,,,,,,,,,,,
981011512/--,4613,0,5.207593,,,,,,,,,,,,,
bepass-org/oblivion,4613,12,1.568185,,,,,,,,,,,,,
TGX-Android/Telegram-X,4612,5,4.044649,,,,,,,,,,,,,
SplashCodes/JAViewer,4610,10,9.28585,,,,,,,,,,,,,
apache/rocketmq-externals,4606,0,8.472912,,,,,,,,,,,,,
yasserg/crawler4j,4606,3,13.673024,,,,,,,,,,,,,
chewiebug/GCViewer,4583,5,13.86351,,,,,,,,,,,,,
CalebFenton/simplify,4580,9,11.629856,,,,,,,,,,,,,
puniverse/quasar,4578,18,12.436424,,,,,,,,,,,,,
RedSpider1/concurrent,4577,0,6.832161,,,,,,,,,,,,,
chentao0707/SimplifyReader,4571,0,10.047019,,,,,,,,,,,,,
javagrowing/JGrowing,4568,0,6.518666,,,,,,,,,,,,,
rememberber/WePush,4567,58,8.196154,,,,,,,,,,,,,
angryip/ipscan,4566,31,14.182474,,,,,,,,,,,,,
zhanghai/Douya,4563,11,9.586449,,,,,,,,,,,,,
dromara/dynamic-tp,4555,19,3.653201,,,,,,,,,,,,,
go-lang-plugin-org/go-lang-idea-plugin,4551,21,15.013486,,,,,,,,,,,,,
objectbox/objectbox-java,4550,48,8.606668,,,,,,,,,,,,,
discord-jda/JDA,4549,110,9.726054,,,,,,,,,,,,,
square/sqlbrite,4548,9,10.537521,,,,,,,,,,,,,
charles2gan/GDA-android-reversing-Tool,4545,40,7.84032,,,,,,,,,,,,,
danielzeller/Depth-LIB-Android-,4544,0,9.351463,,,,,,,,,,,,,
jdamcd/android-crop,4538,6,11.475945,,,,,,,,,,,,,
SuperMonster003/AutoJs6,4535,20,3.755771,,,,,,,,,,,,,
alibaba/dexposed,4531,0,10.179051,,,,,,,,,,,,,
JZ-Darkal/AndroidHttpCapture,4527,1,8.88213,,,,,,,,,,,,,
hussien89aa/AndroidTutorialForBeginners,4526,0,8.934513,,,,,,,,,,,,,
castorflex/SmoothProgressBar,4520,9,11.765002,,,,,,,,,,,,,
Flipboard/bottomsheet,4518,10,10.363555,,,,,,,,,,,,,
tiann/epic,4518,5,8.284471,,,,,,,,,,,,,
azkaban/azkaban,4514,48,12.875994,,,,,,,,,,,,,
ant-media/Ant-Media-Server,4512,64,8.50835,,,,,,,,,,,,,
phishman3579/java-algorithms-implementation,4509,0,11.78611,,,,,,,,,,,,,
zhkl0228/unidbg,4504,15,6.517797,,,,,,,,,,,,,
HotBitmapGG/bilibili-android-client,4499,1,9.256211,,,,,,,,,,,,,
zongzibinbin/MallChat,4483,0,2.467884,,,,,,,,,,,,,
JakeWharton/NineOldAndroids,4478,0,13.736342,,,,,,,,,,,,,
Meituan-Dianping/Robust,4459,13,8.472542,,,,,,,,,,,,,
janishar/android-mvp-architecture,4446,0,8.598665,,,,,,,,,,,,,
square/android-times-square,4439,0,12.589103,,,,,,,,,,,,,
h2database/h2database,4437,23,10.398973,,,,,,,,,,,,,
linhaojun857/aurora,4437,0,3.040257,,,,,,,,,,,,,
dreamhead/moco,4427,1,12.875129,,,,,,,,,,,,,
Tencent/GT,4414,3,9.638838,,,,,,,,,,,,,
water8394/flink-recommandSystem-demo,4413,0,6.304429,,,,,,,,,,,,,
airbnb/DeepLinkDispatch,4407,24,10.228983,,,,,,,,,,,,,
jacoco/jacoco,4401,49,13.152954,,,,,,,,,,,,,
apache/shiro,4400,14,16.012839,,,,,,,,,,,,,
IoT-Technology/IoT-Technical-Guide,4399,0,6.422846,,,,,,,,,,,,,
Freeyourgadget/Gadgetbridge,4397,0,10.658594,,,,,,,,,,,,,
robinhood/ticker,4389,9,9.133803,,,,,,,,,,,,,
flutter-webrtc/flutter-webrtc,4369,132,7.493283,,,,,,,,,,,,,
Ashok-Varma/BottomNavigation,4365,16,9.457133,,,,,,,,,,,,,
awangdev/leet-code,4355,0,10.357896,,,,,,,,,,,,,
pytorch/serve,4347,24,5.91892,,,,,,,,,,,,,
eirslett/frontend-maven-plugin,4321,0,12.009332,,,,,,,,,,,,,
jeasonlzy/ImagePicker,4315,5,9.599757,,,,,,,,,,,,,
mywalkb/LSPosed_mod,4311,10,3.435142,,,,,,,,,,,,,
bingoogolapple/BGARefreshLayout-Android,4311,4,10.267884,,,,,,,,,,,,,
booklore-app/booklore,4302,85,0.720585,,,,,,,,,,,,,
kermitt2/grobid,4292,22,12.970196,,,,,,,,,,,,,
crate/crate,4287,139,12.39873,,,,,,,,,,,,,
dragonwell-project/dragonwell8,4286,40,6.493907,,,,,,,,,,,,,
mcxiaoke/android-volley,4283,0,12.286899,,,,,,,,,,,,,
ThirtyDegreesRay/OpenHub,4283,31,8.146367,,,,,,,,,,,,,
brianway/java-learning,4275,0,9.565503,,,,,,,,,,,,,
bjmashibing/InternetArchitect,4273,0,5.873605,,,,,,,,,,,,,
Snailclimb/guide-rpc-framework,4272,0,5.315439,,,,,,,,,,,,,
failsafe-lib/failsafe,4271,0,10.179284,,,,,,,,,,,,,
ongakuer/CircleIndicator,4271,7,11.094969,,,,,,,,,,,,,
aporter/coursera-android,4265,0,11.659437,,,,,,,,,,,,,
grantland/android-autofittextview,4264,1,14.551054,,,,,,,,,,,,,
jitsi/jitsi,4253,7,12.359449,,,,,,,,,,,,,
201206030/novel-plus,4244,34,5.338043,,,,,,,,,,,,,
google/open-location-code,4240,5,10.924721,,,,,,,,,,,,,
camunda/camunda-bpm-platform,4238,0,12.6642,,,,,,,,,,,,,
jlegewie/zotfile,4226,33,13.676678,,,,,,,,,,,,,
s4kibs4mi/java-developer-roadmap,4220,0,6.364801,,,,,,,,,,,,,
mybatis/spring-boot-starter,4215,32,9.939706,,,,,,,,,,,,,
ChadCSong/ShineButton,4215,2,9.162903,,,,,,,,,,,,,
jboss-javassist/javassist,4214,24,12.278351,,,,,,,,,,,,,
nining377/dolby_beta,4201,37,5.290934,,,,,,,,,,,,,
hugeterry/CoordinatorTabLayout,4199,0,8.598092,,,,,,,,,,,,,
yhaolpz/FloatWindow,4198,9,7.801276,,,,,,,,,,,,,
codingapi/tx-lcn,4198,14,7.810743,,,,,,,,,,,,,
microsoft/malmo,4197,21,9.296096,,,,,,,,,,,,,
apache/streampark,4192,29,6.271802,,,,,,,,,,,,,
powermock/powermock,4192,16,11.268156,,,,,,,,,,,,,
Jacksgong/JKeyboardPanelSwitch,4191,14,10.174635,,,,,,,,,,,,,
zendesk/maxwell,4182,214,10.562908,,,,,,,,,,,,,
bingoogolapple/BGABanner-Android,4182,0,10.856411,,,,,,,,,,,,,
aws/aws-sdk-java,4179,0,15.449802,,,,,,,,,,,,,
oddfar/campus-imaotai,4166,11,2.159016,,,,,,,,,,,,,
pedrovgs/AndroidWiFiADB,4147,8,9.875721,,,,,,,,,,,,,
dromara/hmily,4144,0,7.930877,,,,,,,,,,,,,
alibaba/fastjson2,4138,58,3.3808,,,,,,,,,,,,,
ReVanced/revanced-patches,4135,641,1.722009,,,,,,,,,,,,,
geoserver/geoserver,4131,62,13.812984,,,,,,,,,,,,,
tencentmusic/supersonic,4130,15,2.22783,,,,,,,,,,,,,
dinuscxj/LoadingDrawable,4117,0,9.381814,,,,,,,,,,,,,
alibaba/Tangram-Android,4111,38,8.431103,,,,,,,,,,,,,
pqpo/SmartCropper,4092,13,8.083665,,,,,,,,,,,,,
Manabu-GT/ExpandableTextView,4089,4,11.296929,,,,,,,,,,,,,
karma9874/AndroRAT,4085,0,5.450037,,,,,,,,,,,,,
code4craft/tiny-spring,4081,0,11.644983,,,,,,,,,,,,,
DTStack/chunjun,4081,30,7.418184,,,,,,,,,,,,,
qunarcorp/bistoury,4080,8,6.090879,,,,,,,,,,,,,
rubensousa/ViewPagerCards,4078,0,9.035951,,,,,,,,,,,,,
oblac/jodd,4071,37,12.986095,,,,,,,,,,,,,
luckybilly/CC,4046,0,7.776421,,,,,,,,,,,,,
PaperMC/Folia,4037,0,2.53503,,,,,,,,,,,,,
oldmanpushcart/greys-anatomy,4025,0,12.780846,,,,,,,,,,,,,
xcltapestry/XCL-Charts,4022,0,11.234406,,,,,,,,,,,,,
jMonkeyEngine/jmonkeyengine,4014,76,11.455403,,,,,,,,,,,,,
BoltsFramework/Bolts-Android,4011,11,11.591556,,,,,,,,,,,,,
lcodecorex/TwinklingRefreshLayout,4008,0,9.504489,,,,,,,,,,,,,
JabRef/jabref,4005,45,11.48092,,,,,,,,,,,,,
Yalantis/Phoenix,4000,1,10.64047,,,,,,,,,,,,,
knowm/XChange,3998,0,13.584046,,,,,,,,,,,,,
jetty/jetty.project,3997,129,14.140926,,,,,,,,,,,,,
jbloch/effective-java-3e-source-code,3996,0,7.083247,,,,,,,,,,,,,
makovkastar/FloatingActionButton,3995,0,11.116935,,,,,,,,,,,,,
Piasy/BigImageViewer,3987,0,8.823025,,,,,,,,,,,,,
LibrePDF/OpenPDF,3984,83,9.145415,,,,,,,,,,,,,
qstumn/BadgeView,3982,5,8.566567,,,,,,,,,,,,,
orhanobut/hawk,3982,22,10.535493,,,,,,,,,,,,,
mercyblitz/tech-weekly,3980,0,6.75124,,,,,,,,,,,,,
bitcoin-wallet/bitcoin-wallet,3978,0,13.424531,,,,,,,,,,,,,
freeok/so-novel,3975,45,3.280941,,,,,,,,,,,,,
JeremyLiao/LiveEventBus,3962,0,7.147723,,,,,,,,,,,,,
zzhoujay/RichText,3960,0,10.120802,,,,,,,,,,,,,
rovo89/XposedInstaller,3958,0,13.418663,,,,,,,,,,,,,
NotFound9/interviewGuide,3956,0,9.370895,,,,,,,,,,,,,
awaitility/awaitility,3955,0,15.61229,,,,,,,,,,,,,
lukas-krecan/ShedLock,3955,0,8.726746,,,,,,,,,,,,,
syncthing/syncthing-android,3955,332,11.527184,,,,,,,,,,,,,
binIoter/GuideView,3954,0,9.206443,,,,,,,,,,,,,
fishercoder1534/Leetcode,3954,0,9.091841,,,,,,,,,,,,,
lilishop/lilishop,3954,3,4.306533,,,,,,,,,,,,,
torakiki/pdfsam,3952,66,11.941302,,,,,,,,,,,,,
RipMeApp/ripme,3951,143,8.655185,,,,,,,,,,,,,
tronprotocol/java-tron,3947,80,7.686768,,,,,,,,,,,,,
JoanZapata/android-iconify,3944,0,12.22597,,,,,,,,,,,,,
googlesamples/mlkit,3931,1,5.265215,,,,,,,,,,,,,
rengwuxian/RxJavaSamples,3928,3,9.44415,,,,,,,,,,,,,
linyiqun/DataMiningAlgorithm,3926,0,10.644503,,,,,,,,,,,,,
pingfangushi/screw,3919,0,5.200654,,,,,,,,,,,,,
Querz/mcaselector,3918,72,7.365065,,,,,,,,,,,,,
promeG/TinyPinyin,3914,2,9.927121,,,,,,,,,,,,,
bluelinelabs/Conductor,3905,36,9.465417,,,,,,,,,,,,,
JFormDesigner/FlatLaf,3900,87,6.041307,,,,,,,,,,,,,
iterate-ch/cyberduck,3897,0,8.617189,,,,,,,,,,,,,
alibaba/jstorm,3894,22,11.99962,,,,,,,,,,,,,
JavaNoober/BackgroundLibrary,3894,13,6.983308,,,,,,,,,,,,,
shuzijun/leetcode-editor,3893,55,6.459504,,,,,,,,,,,,,
sofastack/sofa-rpc,3893,63,7.402809,,,,,,,,,,,,,
databricks/learning-spark,3892,0,11.216491,,,,,,,,,,,,,
Exrick/xboot,3888,6,7.363201,,,,,,,,,,,,,
amirzaidi/Launcher3,3887,22,8.261426,,,,,,,,,,,,,
vipulasri/Timeline-View,3887,15,9.717732,,,,,,,,,,,,,
VaughnVernon/IDDD_Samples,3882,0,12.402731,,,,,,,,,,,,,
ReChronoRain/HyperCeiler,3864,7,1.851615,,,,,,,,,,,,,
wendux/DSBridge-Android,3856,2,8.666732,,,,,,,,,,,,,
M66B/FairEmail,3844,1000,7.086818,,,,,,,,,,,,,
uber/NullAway,3842,30,8.003531,,,,,,,,,,,,,
aurelhubert/ahbottomnavigation,3830,14,9.46341,,,,,,,,,,,,,
MiguelCatalan/MaterialSearchView,3829,6,9.96935,,,,,,,,,,,,,
kubernetes-client/java,3827,55,8.320633,,,,,,,,,,,,,
uknownothingsnow/CircleProgress,3819,0,10.842837,,,,,,,,,,,,,
google/bundletool,3818,63,7.333921,,,,,,,,,,,,,
yanzhenjie/AndServer,3817,1,9.221044,,,,,,,,,,,,,
react-native-share/react-native-share,3814,139,9.92723,,,,,,,,,,,,,
ZHENFENG13/My-Blog,3812,0,6.5014,,,,,,,,,,,,,
jishenghua/jshERP,3793,6,8.952281,,,,,,,,,,,,,
sunfusheng/MarqueeView,3792,0,9.255956,,,,,,,,,,,,,
camunda/camunda,3789,462,9.456185,,,,,,,,,,,,,
shopizer-ecommerce/shopizer,3789,18,12.782665,,,,,,,,,,,,,
Dimezis/BlurView,3785,31,9.367163,,,,,,,,,,,,,
gh0stkey/HaE,3782,77,5.444483,,,,,,,,,,,,,
mpusher/mpush,3779,9,9.349627,,,,,,,,,,,,,
fesh0r/fernflower,3774,0,10.918041,,,,,,,,,,,,,
lygttpod/SuperTextView,3774,39,8.872968,,,,,,,,,,,,,
mcxtzhang/SwipeDelMenuLayout,3773,2,9.023086,,,,,,,,,,,,,
watabou/pixel-dungeon,3769,0,11.105519,,,,,,,,,,,,,
CameraKit/blurkit-android,3768,3,8.823786,,,,,,,,,,,,,
Ereza/CustomActivityOnCrash,3756,12,11.165501,,,,,,,,,,,,,
MovingBlocks/Terasology,3755,70,14.502023,,,,,,,,,,,,,
roboguice/roboguice,3752,0,13.057259,,,,,,,,,,,,,
Helium314/HeliBoard,3750,49,3.487099,,,,,,,,,,,,,
timehop/sticky-headers-recyclerview,3750,0,10.918388,,,,,,,,,,,,,
zhpanvip/BannerViewPager,3746,59,8.434334,,,,,,,,,,,,,
apache/kylin,3741,2,10.665817,,,,,,,,,,,,,
sofastack/sofa-jraft,3741,32,6.501292,,,,,,,,,,,,,
andOTP/andOTP,3741,38,8.163004,,,,,,,,,,,,,
RoaringBitmap/RoaringBitmap,3731,39,12.211278,,,,,,,,,,,,,
spotbugs/spotbugs,3728,69,8.827088,,,,,,,,,,,,,
JCTools/JCTools,3725,18,11.811827,,,,,,,,,,,,,
ethanhua/Skeleton,3725,0,8.095123,,,,,,,,,,,,,
AsamK/signal-cli,3722,102,10.31505,,,,,,,,,,,,,
Atmosphere/atmosphere,3721,0,15.177061,,,,,,,,,,,,,
willowtreeapps/spruce-android,3719,3,8.523384,,,,,,,,,,,,,
ByteLegend/ByteLegend,3717,0,4.584801,,,,,,,,,,,,,
stfalcon-studio/ChatKit,3715,1,8.582128,,,,,,,,,,,,,
ageerle/ruoyi-ai,3714,6,1.631334,,,,,,,,,,,,,
ryanhoo/StylishMusicPlayer,3710,0,8.97033,,,,,,,,,,,,,
liuyubobobo/Play-with-Algorithms,3707,0,9.161566,,,,,,,,,,,,,
yanzhenjie/NoHttp,3704,0,10.099289,,,,,,,,,,,,,
rbmonster/learning-note,3694,0,5.216492,,,,,,,,,,,,,
undertow-io/undertow,3690,9,13.12522,,,,,,,,,,,,,
jtablesaw/tablesaw,3685,79,9.671182,,,,,,,,,,,,,
yangfuhai/ASimpleCache,3678,0,12.099784,,,,,,,,,,,,,
javahuang/SurveyKing,3676,3,3.990302,,,,,,,,,,,,,
lihangleo2/ShadowLayout,3672,28,6.153921,,,,,,,,,,,,,
networknt/light-4j,3672,192,8.980389,,,,,,,,,,,,,
lisawray/groupie,3672,28,9.00246,,,,,,,,,,,,,
helidon-io/helidon,3671,128,7.018651,,,,,,,,,,,,,
google/rejoiner,3670,3,7.740519,,,,,,,,,,,,,
KunMinX/Linkage-RecyclerView,3668,0,6.367773,,,,,,,,,,,,,
nICEnnnnnnnLee/BilibiliDown,3668,80,6.611181,,,,,,,,,,,,,
dingjikerbo/Android-BluetoothKit,3668,0,9.904567,,,,,,,,,,,,,
Creators-of-Create/Create,3667,0,6.129147,,,,,,,,,,,,,
yacy/yacy_search_server,3664,0,10.451706,,,,,,,,,,,,,
linkedin/databus,3664,0,12.709872,,,,,,,,,,,,,
coderbruis/JavaSourceCodeLearning,3664,0,5.252451,,,,,,,,,,,,,
grpc-ecosystem/grpc-spring,3662,34,8.675274,,,,,,,,,,,,,
PlexPt/chatgpt-java,3646,24,2.74009,,,,,,,,,,,,,
litesuits/android-common,3643,0,11.265392,,,,,,,,,,,,,
tchiotludo/akhq,3639,42,6.982086,,,,,,,,,,,,,
huburt-Hu/NewbieGuide,3623,20,8.100577,,,,,,,,,,,,,
apache/incubator-heron,3621,56,9.939357,,,,,,,,,,,,,
microservices-patterns/ftgo-application,3617,0,7.862658,,,,,,,,,,,,,
FasterXML/jackson-databind,3615,0,13.696699,,,,,,,,,,,,,
rockerhieu/emojicon,3615,2,11.623547,,,,,,,,,,,,,
blossom-editor/blossom,3609,19,2.075008,,,,,,,,,,,,,
spockframework/spock,3608,26,14.724791,,,,,,,,,,,,,
alibaba/Alink,3606,22,6.926073,,,,,,,,,,,,,
Mojang/brigadier,3598,3,10.966889,,,,,,,,,,,,,
tyrantgit/ExplosionField,3595,0,9.945354,,,,,,,,,,,,,
kikoso/android-stackblur,3592,0,12.050401,,,,,,,,,,,,,
uncle-novel/uncle-novel,3590,1,6.728302,,,,,,,,,,,,,
mbechler/marshalsec,3589,0,8.283462,,,,,,,,,,,,,
dongjunkun/DropDownMenu,3587,2,10.197676,,,,,,,,,,,,,
dtinit/data-transfer-project,3587,61,7.660859,,,,,,,,,,,,,
spring-io/initializr,3583,17,12.239165,,,,,,,,,,,,,
vert-x3/vertx-examples,3582,0,10.522341,,,,,,,,,,,,,
googlemaps/android-maps-utils,3577,52,12.298473,,,,,,,,,,,,,
hmkcode/Android,3577,0,12.000952,,,,,,,,,,,,,
WVector/AppUpdate,3574,3,8.20704,,,,,,,,,,,,,
davideas/FlexibleAdapter,3572,30,10.338415,,,,,,,,,,,,,
JakeWharton/ThreeTenABP,3570,0,10.169173,,,,,,,,,,,,,
IrisShaders/Iris,3566,140,4.862903,,,,,,,,,,,,,
OpenHFT/Chronicle-Queue,3564,533,12.252951,,,,,,,,,,,,,
code4craft/netty-learning,3560,0,11.955983,,,,,,,,,,,,,
fabric8io/kubernetes-client,3558,123,10.152959,,,,,,,,,,,,,
bilibili/MagicaSakura,3557,3,9.195601,,,,,,,,,,,,,
dropbox/hackpad,3556,0,10.0559,,,,,,,,,,,,,
johncarl81/parceler,3544,0,12.169482,,,,,,,,,,,,,
DataLinkDC/dinky,3540,31,4.234699,,,,,,,,,,,,,
arimorty/floatingsearchview,3536,0,9.782103,,,,,,,,,,,,,
LinShunKang/MyPerf4J,3534,23,7.481472,,,,,,,,,,,,,
anggrayudi/android-hidden-api,3533,2,9.964474,,,,,,,,,,,,,
fyhertz/libstreaming,3532,0,12.588997,,,,,,,,,,,,,
luontola/retrolambda,3531,0,12.12242,,,,,,,,,,,,,
andremion/Music-Player,3525,2,9.32542,,,,,,,,,,,,,
springdoc/springdoc-openapi,3523,95,6.146637,,,,,,,,,,,,,
HelloWorld521/Java,3523,0,8.734945,,,,,,,,,,,,,
apache/logging-log4j2,3522,15,12.226506,,,,,,,,,,,,,
lsjwzh/RecyclerViewPager,3519,10,10.626289,,,,,,,,,,,,,
spring-cloud/spring-cloud-kubernetes,3517,32,8.720392,,,,,,,,,,,,,
immutables/immutables,3515,15,12.157284,,,,,,,,,,,,,
dariuszseweryn/RxAndroidBle,3514,60,9.578241,,,,,,,,,,,,,
Netflix/maestro,3513,0,1.379796,,,,,,,,,,,,,
nytimes/Store,3512,0,8.758872,,,,,,,,,,,,,
codeestX/GeekNews,3509,0,9.071596,,,,,,,,,,,,,
baoyongzhang/SwipeMenuListView,3507,2,11.026338,,,,,,,,,,,,,
1024-lab/smart-admin,3499,22,5.798546,,,,,,,,,,,,,
lenve/JavaEETest,3497,0,8.722602,,,,,,,,,,,,,
cSploit/android,3493,33,10.915203,,,,,,,,,,,,,
KingJA/LoadSir,3492,6,8.001828,,,,,,,,,,,,,
TNG/ArchUnit,3483,43,8.368686,,,,,,,,,,,,,
dromara/liteflow,3482,0,5.440992,,,,,,,,,,,,,
AxonFramework/AxonFramework,3481,136,13.753192,,,,,,,,,,,,,
ittianyu/BottomNavigationViewEx,3477,19,8.806742,,,,,,,,,,,,,
phodal/migration,3464,0,5.653475,,,,,,,,,,,,,
ferredoxin/QNotified,3463,28,6.447108,,,,,,,,,,,,,
rubensousa/PreviewSeekBar,3462,10,8.605143,,,,,,,,,,,,,
Grt1228/chatgpt-java,3461,10,2.558937,,,,,,,,,,,,,
eclipse-openj9/openj9,3458,53,8.023134,,,,,,,,,,,,,
alamkanak/Android-Week-View,3448,4,10.961264,,,,,,,,,,,,,
Netflix/concurrency-limits,3446,102,7.726787,,,,,,,,,,,,,
crossoverJie/SSM,3441,10,9.200822,,,,,,,,,,,,,
guolindev/giffun,3433,0,6.597693,,,,,,,,,,,,,
rom1v/sndcpy,3433,2,5.232597,,,,,,,,,,,,,
sherxon/AlgoDS,3431,0,8.712701,,,,,,,,,,,,,
apache/fory,3431,47,2.351427,,,,,,,,,,,,,
RikkaApps/Sui,3427,21,4.664399,,,,,,,,,,,,,
xcc3641/SeeWeather,3427,2,9.534496,,,,,,,,,,,,,
WinterChenS/my-site,3423,0,7.336467,,,,,,,,,,,,,
GitLqr/LQRWeChat,3421,0,8.56879,,,,,,,,,,,,,
woxingxiao/BubbleSeekBar,3419,12,8.830714,,,,,,,,,,,,,
freeplane/freeplane,3418,10,12.970982,,,,,,,,,,,,,
google/volley,3414,9,8.605852,,,,,,,,,,,,,
openhab/openhab1-addons,3413,14,11.951184,,,,,,,,,,,,,
getActivity/Toaster,3412,36,6.964531,,,,,,,,,,,,,
apache/incubator-kie-optaplanner,3411,6,14.546762,,,,,,,,,,,,,
